metric,original_mean,original_std,original_range,improved_mean,improved_std,improved_range,real_mean,reduction
overall_happiness,,,N/A,5.559613095238095,0.9296187122409258,2.30-7.80,5.578170068027211,
gdp,,,N/A,4.882946428571429,1.2657429922092702,1.50-8.50,1.3187006802721088,
social_support,,,N/A,7.225744047619048,0.617351703188436,5.20-9.30,1.3333945578231294,
health,,,N/A,6.143839285714287,0.8610561036870745,3.00-8.30,0.5514931506849315,
freedom,,,N/A,5.825029761904761,1.2319100295428116,2.00-8.60,0.7492534246575343,
generosity,,,N/A,3.4951190476190477,0.8109938068319237,1.50-6.50,0.11344217687074831,
corruption,,,N/A,3.466636904761905,1.7156632886510532,1.00-8.60,0.1468150684931507,
